handle,tags,creator_name
@SpencerJohnsonOfficial,Finance,Spencer Johnson
@dandingles,"AI Tools, Productivity",Dan Dingle
@SpencerCornelia,Finance,Spencer Cornelia
@andrewgoldheretics,"Commentary, Intellectual Interviews",Andrew Gold (Heretics)
@BofangChang,"Geopolitics, Commentary",Bofang Chang
@TheSpaceRaceYT,Tech,The Space Race
@TheTeslaSpace,EV & Modern Design,The Tesla Space
@PeleExplainss,"Educational, Productivity",Pele Explains
@wheresdav,Commentary,Wheresdav
@Pindexsf,"AI Tools, Science",Pindex
@DigitalEngine,"AI Tools, Tech",Digital Engine
@weareinsideAI,"AI Tools, Tech, Productivity",Inside AI
@theAIsearch,"AI Tools, Tech, Productivity",AI Search
@MinorityMindset,Finance,Minority Mindset
@LogicallyAnswered,"Tech, AI Tools, Finance",Logically Answered
@lionelrivera_MMA,"Commentary, Educational",Lionel Rivera
@Moon-Real,Commentary,Moon
@peterpandev,"Tech, Productivity",Peter Pandev
@hayley.honeyman,"Productivity, Lifestyle",Busy Bee with ADHD
@aisamsonreal,AI Tools,AI Samson
@SwitchandClickOfficial,Tech,Switch and Click
@ToastyBros,"Tech, Gaming",Toasty Bros
@ParkerNotes,"Productivity, Educational",Parker Notes
@cafestudyy,"Lifestyle, Educational",Isabelle (cafe.studyy)
@FromSergio,"Tech, Productivity",Sergio (@FromSergio)
@NatalieBarbu,"Productivity, Lifestyle",Natalie Barbu
@CreatedbyEllaYT,Tech,Created by Ella
@HRVizak,"Sports, Football",Izak (@HRVizak)
@snazzy,Tech,Snazzy Labs
