Channel,Niche,Brand,Evidence,Video Date
Supercar Blondie,Automotive,Volkswagen,"""thanks to Volkswagen"" — ""...s see how it does on the track...  Huge thanks to Volkswagen for the access!  Presented by   / x3tetyana    You can fol...""",2026-03-12
Supercar Blondie,Automotive,Capricorn,"""thanks to Capricorn"" — ""...air, all focused on pure driving.  Huge thanks to Capricorn for giving us access to this car and allowing us to be one...""",2026-02-12
Supercar Blondie,Automotive,CUPRA,"""thanks to CUPRA"" — ""...one has driven before… until now!  Huge thanks to CUPRA for the access and for trusting us with the keys!  To buy or se...""",2025-12-12
ChrisFix,Automotive,NO_SPONSOR_DATA_FOUND,"Scanned 20 most recent videos, no disclosure phrases found",
carwow,Automotive,NO_SPONSOR_DATA_FOUND,"Scanned 20 most recent videos, no disclosure phrases found",
The Electric Viking,Automotive,NO_SPONSOR_DATA_FOUND,"Scanned 20 most recent videos, no disclosure phrases found",
Fully Charged Show,Automotive,NO_SPONSOR_DATA_FOUND,"Scanned 20 most recent videos, no disclosure phrases found",
TFLEV,Automotive,Recurrent,"""thanks to Recurrent"" — ""...Thanks to Recurrent for sponsoring TFLEV. Get free access to Recurrent's EV too...""",2026-08-12
TFLEV,Automotive,Recurrent,"""thanks to Recurrent"" — ""...Thanks to Recurrent for sponsoring TFLEV. Get free access to Recurrent's EV too...""",2026-08-11
TFLEV,Automotive,Recurrent,"""thanks to Recurrent"" — ""...Thanks to Recurrent for sponsoring TFLEV. Get free access to Recurrent's EV too...""",2026-08-06
TFLEV,Automotive,Recurrent,"""thanks to Recurrent"" — ""...Thanks to Recurrent for sponsoring TFLEV. Get free access to Recurrent's EV too...""",2026-08-04
TFLEV,Automotive,Recurrent,"""thanks to Recurrent"" — ""...Thanks to Recurrent for sponsoring TFLEV. Get free access to Recurrent's EV too...""",2026-07-31
TFLEV,Automotive,Recurrent,"""thanks to Recurrent"" — ""...Thanks to Recurrent for sponsoring TFLEV. Get free access to Recurrent's EV too...""",2026-07-29
TFLEV,Automotive,Recurrent,"""thanks to Recurrent"" — ""...g you won’t get stranded with a flat.   Thanks to Recurrent for sponsoring TFLEV. Get free access to Recurrent's EV too...""",2026-07-29
TFLEV,Automotive,Recurrent,"""thanks to Recurrent"" — ""...Thanks to Recurrent for sponsoring TFLEV. Get free access to Recurrent's EV too...""",2026-07-22
TFLEV,Automotive,Recurrent,"""thanks to Recurrent"" — ""...Thanks to Recurrent for sponsoring TFLEV. Get free access to Recurrent's EV too...""",2026-07-15
TFLEV,Automotive,Recurrent,"""thanks to Recurrent"" — ""...Thanks to Recurrent for sponsoring TFLEV. Get free access to Recurrent's EV too...""",2026-07-12
TFLEV,Automotive,Recurrent,"""thanks to Recurrent"" — ""...Thanks to Recurrent for sponsoring TFLEV. Get free access to Recurrent's EV too...""",2026-07-12
TFLEV,Automotive,Recurrent,"""thanks to Recurrent"" — ""...Thanks to Recurrent for sponsoring TFLEV. Get free access to Recurrent's EV too...""",2026-07-12
TFLEV,Automotive,Recurrent,"""thanks to Recurrent"" — ""...Thanks to Recurrent for sponsoring TFLEV. Get free access to Recurrent's EV too...""",2026-07-12
TFLEV,Automotive,Recurrent,"""thanks to Recurrent"" — ""...Thanks to Recurrent for sponsoring TFLEV. Get free access to Recurrent's EV too...""",2026-07-12
TFLEV,Automotive,Recurrent,"""thanks to Recurrent"" — ""...Thanks to Recurrent for sponsoring TFLEV. Get free access to Recurrent's EV too...""",2026-07-12
TFLEV,Automotive,Recurrent,"""thanks to Recurrent"" — ""...Thanks to Recurrent for sponsoring TFLEV. Get free access to Recurrent's EV too...""",2026-07-12
Ryan's Model Y,Automotive,NO_SPONSOR_DATA_FOUND,"Scanned 20 most recent videos, no disclosure phrases found",
Tavarish,Automotive,AutoTempest,"""thanks to AutoTempest"" — ""...t!►https://www.autotempest.com/s/UJQRtw Thanks to AutoTempest for sponsoring this video! ------------------------------...""",2026-07-22
Tavarish,Automotive,AutoTempest,"""thanks to AutoTempest"" — ""...!► https://www.autotempest.com/s/pVj8en Thanks to AutoTempest for sponsoring this video! ------------------------------...""",
Tavarish,Automotive,AG1,"""thanks to AG1"" — ""...less than $3 a day when you subscribe. Thanks to AG1 for sponsoring today’s video! -----------------------------------...""",2025-08-12
Tavarish,Automotive,Frank Stephenson Design,"""thanks to Frank Stephenson Design"" — ""...------------------------------- Special Thanks to Frank Stephenson Design►https://www.frankstephenson.com/ ------------...""",2025-08-12
Tavarish,Automotive,AutoTempest,"""thanks to AutoTempest"" — ""...! ►https://www.autotempest.com/s/vy6fc7 Thanks to AutoTempest for sponsoring this video!  -----------------------------...""",2025-08-12
Tavarish,Automotive,AutoTempest,"""thanks to AutoTempest"" — ""...! ►https://www.autotempest.com/s/yd9HUB Thanks to AutoTempest for sponsoring this video!  -----------------------------...""",2025-08-12
Tavarish,Automotive,Scott Ales,"""thanks to Scott Ales"" — ""...--------------------------------------- Thanks to Scott Ales: ►https://www.instagram.com/thedryceman... ---------------...""",2025-08-12
Tavarish,Automotive,AutoBidMaster,"""thanks to AutoBidMaster"" — ""...ttps://www.autobidmaster.com/en/rebu... Thanks to AutoBidMaster for sponsoring this video! ----------------------------...""",2025-08-12
Tavarish,Automotive,Attacking The Clock Racing,"""thanks to Attacking The Clock Racing"" — ""...carbon fiber clamshell once and for all,thanks to Shawn from Attacking The Clock Racing.   Wish us luck, we will need i...""",2024-08-12
Auto Focus,Automotive,NO_SPONSOR_DATA_FOUND,"Scanned 20 most recent videos, no disclosure phrases found",
JerryRigEverything,Automotive,Ridge,"""thanks to Ridge"" — ""...https://www.ridge.com/JerryRig and HUGE thanks to Ridge for sponsoring the channel.  The Samsung Z Fold 8 is Samsungs L...""",2026-08-11
JerryRigEverything,Automotive,Saily,"""thanks to Saily"" — ""...to https://www.saily.com/jerryrig Huge thanks to Saily for sponsoring this video!  Having a full on Stylus in your sma...""",2026-07-22
JerryRigEverything,Automotive,Saily,"""thanks to Saily"" — ""...to https://www.saily.com/jerryrig Huge thanks to Saily for sponsoring this video. This neon green colored alligator sk...""",2026-07-12
JerryRigEverything,Automotive,Tello,"""thanks to Tello"" — ""...//www.tello.com/?utm_source=par... Huge thanks to Tello for sponsoring this video and bringing prices down for everyone...""",2026-06-12
JerryRigEverything,Automotive,BeatBot,"""thanks to BeatBot"" — ""...ion here: https://qz-l.com/irLJDy  HUGE thanks to BeatBot for also supporting the wheelchair factory.  If you need a wh...""",2026-06-12
JerryRigEverything,Automotive,KiwiCo,"""thanks to KiwiCo"" — ""...of KiwiCo with code JERRYRIG. And huge thanks to KiwiCo for sponsoring this video. They rock. Folding phones are some...""",2026-05-12
JerryRigEverything,Automotive,NordVPN,"""thanks to NordVPN"" — ""...tps://www.nordvpn.com/jerryrig and huge thanks to NordVPN for sponsoring this video. Would you buy a Color E-Ink Smartp...""",2026-05-12
Graham Stephan,Finance,SoFi,"""thanks to SoFi"" — ""...Thanks to SoFi for sponsoring the video! Click here to sign-up for SoFi Crypto:...""",2026-08-11
Graham Stephan,Finance,SoFi,"""thanks to SoFi"" — ""...Thanks to SoFi for sponsoring the video! Click here to sign-up for SoFi Checkin...""",2026-07-29
Graham Stephan,Finance,SoFi,"""thanks to SoFi"" — ""...Thanks to SoFi for sponsoring the video! Click here to sign-up for SoFi Crypto:...""",2026-07-22
Andrei Jikh,Finance,CookUnity,"""thanks to CookUnity"" — ""...e from, there’s something for everyone! Thanks to CookUnity for sponsoring this video!  ► Deposit $100 & Get 12 Free St...""",2026-08-10
WhiteBoard Finance,Finance,FSA Store®,"""thanks to FSA Store®"" — ""...Thanks to FSA Store® for sponsoring this video! Go to https://fsastore.com/mark...""",2026-07-29
WhiteBoard Finance,Finance,Policygenius,"""thanks to Policygenius"" — ""...tps://policygenius.com/whiteboardfi...  Thanks to Policygenius for sponsoring this video!  MY FAVORITE TOOLS & RESOURCE...""",2026-07-15
WhiteBoard Finance,Finance,Nexo,"""sponsored by Nexo"" — ""...t available in New York)  This video is sponsored by Nexo. Crypto products are not FDIC insured. This is not financial adv...""",2026-07-12
WhiteBoard Finance,Finance,Policygenius,"""thanks to Policygenius"" — ""...ttps://policygenius.com/whiteboardfi... Thanks to Policygenius for sponsoring this video!  MY FAVORITE TOOLS & RESOURCE...""",2026-06-12
WhiteBoard Finance,Finance,Perplexity,"""sponsored by Perplexity"" — ""...Sponsored by Perplexity! This is truly a game-changer – Perplexity Computer built...""",2026-06-12
WhiteBoard Finance,Finance,Perplexity,"""sponsored by Perplexity"" — ""...Sponsored by Perplexity! This is truly a game-changer -- Perplexity Computer orche...""",2026-06-12
WhiteBoard Finance,Finance,Policygenius,"""thanks to Policygenius"" — ""...ttps://policygenius.com/whiteboardfi... Thanks to Policygenius for sponsoring this video!  MY FAVORITE TOOLS & RESOURCE...""",2026-05-12
WhiteBoard Finance,Finance,Policygenius,"""thanks to Policygenius"" — ""...ttps://policygenius.com/whiteboardfi... Thanks to Policygenius for sponsoring this video!  $2.15. That is the line betw...""",2026-05-12
WhiteBoard Finance,Finance,Nexo,"""sponsored by Nexo"" — ""...tps://nexo.sjv.io/xJnPQO  This video is sponsored by Nexo. Crypto products are not FDIC insured. This is not financial adv...""",2026-05-12
WhiteBoard Finance,Finance,Storyblocks,"""thanks to Storyblocks"" — ""...Thanks to Storyblocks for sponsoring this video. Get 15% off any annual plan fo...""",2026-04-12
Two Cents,Finance,NO_SPONSOR_DATA_FOUND,"Scanned 20 most recent videos, no disclosure phrases found",
Humphrey Yang,Finance,NO_SPONSOR_DATA_FOUND,"Scanned 20 most recent videos, no disclosure phrases found",
Jeff Rose,Finance,NO_SPONSOR_DATA_FOUND,"Scanned 20 most recent videos, no disclosure phrases found",
Financial Education,Finance,NO_SPONSOR_DATA_FOUND,"Scanned 20 most recent videos, no disclosure phrases found",
Dave Ramsey,Finance,NO_SPONSOR_DATA_FOUND,"Scanned 20 most recent videos, no disclosure phrases found",
The Financial Diet,Finance,Betterment,"""thanks to Betterment"" — ""...Special thanks to Betterment for sponsoring this video! Get started, be invested, sign...""",2026-07-22
The Financial Diet,Finance,Betterment,"""thanks to Betterment"" — ""...Thanks to Betterment for sponsoring this series! Get started, be invested, sign...""",2026-07-12
Jack Chapple,Finance,NO_SPONSOR_DATA_FOUND,"Scanned 20 most recent videos, no disclosure phrases found",
,,,,
"=== SUMMARY: Automotive vs Finance sponsor landscape (20 channels, last 20 videos each) ===",,,,
"Automotive: 35 disclosure hits, 16 unique brands, 6/10 channels NO_SPONSOR_DATA_FOUND, 0 brand(s) repeated across 2+ different creators",,,,
"Finance: 16 disclosure hits, 8 unique brands, 6/10 channels NO_SPONSOR_DATA_FOUND, 0 brand(s) repeated across 2+ different creators",,,,
Repeat sponsors (strongest recurring-spend signal): NONE found in either niche — every brand in both lists is tied to exactly one creator in this 20-channel/20-video sample.,,,,
"Note: Dave Ramsey has no channel literally named 'Dave Ramsey' anymore; used 'The Ramsey Show' (Highlights, 4.6M subs) as the closest match to the brand -- flagging for your confirmation, not asserted as certain.",,,,
Note: Fully Charged Show legitimately rebranded to 'Everything Electric CARS' (same channel ID) -- not a wrong match.,,,,
"Note: 'Scott Ales' (Tavarish) is a 'thanks to' hit but reads as a personal credit (linked to a personal Instagram, not a company site) rather than a confirmed brand -- included as found, flagged for your read.",,,,
Note: one Tavarish video had no publishedTime returned by the API -- Video Date left blank rather than guessed.,,,,
